{
  "IcoMoonType": "selection",
  "icons": [
    {
      "icon": {
        "paths": [
          "M1008 6.286c12 8.571 17.714 22.286 15.429 36.571l-146.286 877.714c-1.714 10.857-8.571 20-18.286 25.714-5.143 2.857-11.429 4.571-17.714 4.571-4.571 0-9.143-1.143-13.714-2.857l-258.857-105.714-138.286 168.571c-6.857 8.571-17.143 13.143-28 13.143-4 0-8.571-0.571-12.571-2.286-14.286-5.143-24-18.857-24-34.286v-199.429l493.714-605.143-610.857 528.571-225.714-92.571c-13.143-5.143-21.714-17.143-22.857-31.429-0.571-13.714 6.286-26.857 18.286-33.714l950.857-548.571c5.714-3.429 12-5.143 18.286-5.143 7.429 0 14.857 2.286 20.571 6.286z"
        ],
        "width": 1025.143968820572,
        "attrs": [],
        "isMulticolor": false,
        "isMulticolor2": false,
        "tags": [
          "telegram",
          "tm"
        ],
        "defaultCode": 61912,
        "grid": 14
      },
      "attrs": [],
      "properties": {
        "name": "telegram",
        "id": 429,
        "order": 13,
        "prevSize": 28,
        "code": 61912
      },
      "setIdx": 0,
      "setId": 2,
      "iconIdx": 429
    },
    {
      "icon": {
        "paths": [
          "M0 341.143c0-210.857 193.143-341.143 388.571-341.143 179.429 0 342.857 123.429 342.857 312.571 0 177.714-90.857 374.857-293.143 374.857-48 0-108.571-24-132-68.571-43.429 172-40 197.714-136 329.143l-8 2.857-5.143-5.714c-3.429-36-8.571-71.429-8.571-107.429 0-116.571 53.714-285.143 80-398.286-14.286-29.143-18.286-64.571-18.286-96.571 0-57.714 40-130.857 105.143-130.857 48 0 73.714 36.571 73.714 81.714 0 74.286-50.286 144-50.286 216 0 49.143 40.571 83.429 88 83.429 131.429 0 172-189.714 172-290.857 0-135.429-96-209.143-225.714-209.143-150.857 0-267.429 108.571-267.429 261.714 0 73.714 45.143 111.429 45.143 129.143 0 14.857-10.857 67.429-29.714 67.429-2.857 0-6.857-1.143-9.714-1.714-81.714-24.571-111.429-133.714-111.429-208.571z"
        ],
        "width": 731.4269866943359,
        "attrs": [],
        "isMulticolor": false,
        "isMulticolor2": false,
        "tags": [
          "pinterest",
          "pr"
        ],
        "defaultCode": 62001,
        "grid": 14
      },
      "attrs": [],
      "properties": {
        "name": "pinterest",
        "id": 510,
        "order": 12,
        "prevSize": 28,
        "code": 62001
      },
      "setIdx": 0,
      "setId": 2,
      "iconIdx": 510
    },
    {
      "icon": {
        "paths": [
          "M925.714 233.143q-38.286 56-92.571 95.429 0.571 8 0.571 24 0 74.286-21.714 148.286t-66 142-105.429 120.286-147.429 83.429-184.571 31.143q-154.857 0-283.429-82.857 20 2.286 44.571 2.286 128.571 0 229.143-78.857-60-1.143-107.429-36.857t-65.143-91.143q18.857 2.857 34.857 2.857 24.571 0 48.571-6.286-64-13.143-106-63.714t-42-117.429v-2.286q38.857 21.714 83.429 23.429-37.714-25.143-60-65.714t-22.286-88q0-50.286 25.143-93.143 69.143 85.143 168.286 136.286t212.286 56.857q-4.571-21.714-4.571-42.286 0-76.571 54-130.571t130.571-54q80 0 134.857 58.286 62.286-12 117.143-44.571-21.143 65.714-81.143 101.714 53.143-5.714 106.286-28.571z"
        ],
        "width": 950.8560180664062,
        "attrs": [],
        "isMulticolor": false,
        "isMulticolor2": false,
        "tags": [
          "twitter",
          "tw"
        ],
        "defaultCode": 61593,
        "grid": 14
      },
      "attrs": [],
      "properties": {
        "name": "twitter",
        "id": 144,
        "order": 7,
        "prevSize": 28,
        "code": 61593
      },
      "setIdx": 1,
      "setId": 1,
      "iconIdx": 1
    },
    {
      "icon": {
        "paths": [
          "M548 6.857v150.857h-89.714q-49.143 0-66.286 20.571t-17.143 61.714v108h167.429l-22.286 169.143h-145.143v433.714h-174.857v-433.714h-145.714v-169.143h145.714v-124.571q0-106.286 59.429-164.857t158.286-58.571q84 0 130.286 6.857z"
        ],
        "width": 602.2870178222656,
        "attrs": [],
        "isMulticolor": false,
        "isMulticolor2": false,
        "tags": [
          "facebook",
          "fb"
        ],
        "defaultCode": 61594,
        "grid": 14
      },
      "attrs": [],
      "properties": {
        "name": "facebook",
        "id": 145,
        "order": 5,
        "prevSize": 28,
        "code": 61594
      },
      "setIdx": 1,
      "setId": 1,
      "iconIdx": 2
    },
    {
      "icon": {
        "paths": [
          "M821.143 521.714q0 118.857-49.714 211.714t-141.714 145.143-210.857 52.286q-85.143 0-162.857-33.143t-133.714-89.143-89.143-133.714-33.143-162.857 33.143-162.857 89.143-133.714 133.714-89.143 162.857-33.143q163.429 0 280.571 109.714l-113.714 109.143q-66.857-64.571-166.857-64.571-70.286 0-130 35.429t-94.571 96.286-34.857 132.857 34.857 132.857 94.571 96.286 130 35.429q47.429 0 87.143-13.143t65.429-32.857 44.857-44.857 28-47.429 12.286-42.286h-237.714v-144h395.429q6.857 36 6.857 69.714zM1316.571 452v120h-119.429v119.429h-120v-119.429h-119.429v-120h119.429v-119.429h120v119.429h119.429z"
        ],
        "width": 1316.5720977783203,
        "attrs": [],
        "isMulticolor": false,
        "isMulticolor2": false,
        "tags": [
          "google-plus",
          "gp"
        ],
        "defaultCode": 61653,
        "grid": 14
      },
      "attrs": [],
      "properties": {
        "name": "google-plus",
        "id": 188,
        "order": 9,
        "prevSize": 28,
        "code": 61653
      },
      "setIdx": 1,
      "setId": 1,
      "iconIdx": 3
    },
    {
      "icon": {
        "paths": [
          "M199.429 357.143v566.286h-188.571v-566.286h188.571zM211.429 182.286q0.571 41.714-28.857 69.714t-77.429 28h-1.143q-46.857 0-75.429-28t-28.571-69.714q0-42.286 29.429-70t76.857-27.714 76 27.714 29.143 70zM877.714 598.857v324.571h-188v-302.857q0-60-23.143-94t-72.286-34q-36 0-60.286 19.714t-36.286 48.857q-6.286 17.143-6.286 46.286v316h-188q1.143-228 1.143-369.714t-0.571-169.143l-0.571-27.429h188v82.286h-1.143q11.429-18.286 23.429-32t32.286-29.714 49.714-24.857 65.429-8.857q97.714 0 157.143 64.857t59.429 190z"
        ],
        "width": 877.7139511108398,
        "attrs": [],
        "isMulticolor": false,
        "isMulticolor2": false,
        "tags": [
          "linkedin",
          "in"
        ],
        "defaultCode": 61665,
        "grid": 14
      },
      "attrs": [],
      "properties": {
        "name": "linkedin",
        "id": 199,
        "order": 4,
        "prevSize": 28,
        "code": 61665
      },
      "setIdx": 1,
      "setId": 1,