{
  "IcoMoonType": "selection",
  "icons": [
    {
      "icon": {
        "paths": [
          "M925.714 233.143q-38.286 56-92.571 95.429 0.571 8 0.571 24 0 74.286-21.714 148.286t-66 142-105.429 120.286-147.429 83.429-184.571 31.143q-154.857 0-283.429-82.857 20 2.286 44.571 2.286 128.571 0 229.143-78.857-60-1.143-107.429-36.857t-65.143-91.143q18.857 2.857 34.857 2.857 24.571 0 48.571-6.286-64-13.143-106-63.714t-42-117.429v-2.286q38.857 21.714 83.429 23.429-37.714-25.143-60-65.714t-22.286-88q0-50.286 25.143-93.143 69.143 85.143 168.286 136.286t212.286 56.857q-4.571-21.714-4.571-42.286 0-76.571 54-130.571t130.571-54q80 0 134.857 58.286 62.286-12 117.143-44.571-21.143 65.714-81.143 101.714 53.143-5.714 106.286-28.571z"
        ],
        "width": 950.8560180664062,
        "attrs": [],
        "isMulticolor": false,
        "isMulticolor2": false,
        "tags": [
          "twitter",
          "tw"
        ],
        "defaultCode": 61593,
        "grid": 14
      },
      "attrs": [],
      "properties": {
        "name": "twitter",
        "id": 144,
        "order": 7,
        "prevSize": 32,
        "code": 61593
      },
      "setIdx": 0,
      "setId": 2,
      "iconIdx": 144
    },
    {
      "icon": {
        "paths": [
          "M548 6.857v150.857h-89.714q-49.143 0-66.286 20.571t-17.143 61.714v108h167.429l-22.286 169.143h-145.143v433.714h-174.857v-433.714h-145.714v-169.143h145.714v-124.571q0-106.286 59.429-164.857t158.286-58.571q84 0 130.286 6.857z"
        ],
        "width": 602.2870178222656,
        "attrs": [],
        "isMulticolor": false,
        "isMulticolor2": false,
        "tags": [
          "facebook",
          "fb"
        ],
        "defaultCode": 61594,
        "grid": 14
      },
      "attrs": [],
      "properties": {
        "name": "facebook",
        "id": 145,
        "order": 5,
        "prevSize": 32,
        "code": 61594
      },
      "setIdx": 0,
      "setId": 2,
      "iconIdx": 145
    },
    {
      "icon": {
        "paths": [
          "M821.143 521.714q0 118.857-49.714 211.714t-141.714 145.143-210.857 52.286q-85.143 0-162.857-33.143t-133.714-89.143-89.143-133.714-33.143-162.857 33.143-162.857 89.143-133.714 133.714-89.143 162.857-33.143q163.429 0 280.571 109.714l-113.714 109.143q-66.857-64.571-166.857-64.571-70.286 0-130 35.429t-94.571 96.286-34.857 132.857 34.857 132.857 94.571 96.286 130 35.429q47.429 0 87.143-13.143t65.429-32.857 44.857-44.857 28-47.429 12.286-42.286h-237.714v-144h395.429q6.857 36 6.857 69.714zM1316.571 452v120h-119.429v119.429h-120v-119.429h-119.429v-120h119.429v-119.429h120v119.429h119.429z"
        ],
        "width": 1316.5720977783203,
        "attrs": [],
        "isMulticolor": false,
        "isMulticolor2": false,
        "tags": [
          "google-plus",
          "gp"
        ],
        "defaultCode": 61653,
        "grid": 14
      },
      "attrs": [],
      "properties": {
        "name": "google-plus",
        "id": 188,
        "order": 9,
        "prevSize": 32,
        "code": 61653
      },
      "setIdx": 0,
      "setId": 2,
      "iconIdx": 188
    },
    {
      "icon": {
        "paths": [
          "M199.429 357.143v566.286h-188.571v-566.286h188.571zM211.429 182.286q0.571 41.714-28.857 69.714t-77.429 28h-1.143q-46.857 0-75.429-28t-28.571-69.714q0-42.286 29.429-70t76.857-27.714 76 27.714 29.143 70zM877.714 598.857v324.571h-188v-302.857q0-60-23.143-94t-72.286-34q-36 0-60.286 19.714t-36.286 48.857q-6.286 17.143-6.286 46.286v316h-188q1.143-228 1.143-369.714t-0.571-169.143l-0.571-27.429h188v82.286h-1.143q11.429-18.286 23.429-32t32.286-29.714 49.714-24.857 65.429-8.857q97.714 0 157.143 64.857t59.429 190z"
        ],
        "width": 877.7139511108398,
        "attrs": [],
        "isMulticolor": false,
        "isMulticolor2": false,
        "tags": [
          "linkedin",
          "in"
        ],
        "defaultCode": 61665,
        "grid": 14
      },
      "attrs": [],
      "properties": {
        "name": "linkedin",
        "id": 199,
        "order": 4,
        "prevSize": 32,
        "code": 61665
      },
      "setIdx": 0,
      "setId": 2,
      "iconIdx": 199
    },
    {
      "icon": {
        "paths": [
          "M1095.429 297.143q13.143 36.571-85.714 168-13.714 18.286-37.143 48.571-44.571 57.143-51.429 74.857-9.714 23.429 8 46.286 9.714 12 46.286 46.857h0.571l2.286 2.286q80.571 74.857 109.143 126.286 1.714 2.857 3.714 7.143t4 15.143-0.286 19.429-14.286 15.714-33.714 7.143l-146.286 2.286q-13.714 2.857-32-2.857t-29.714-12.571l-11.429-6.857q-17.143-12-40-36.571t-39.143-44.286-34.857-33.143-32.286-8.857q-1.714 0.571-4.571 2t-9.714 8.286-12.286 16.857-9.714 29.714-3.714 44.286q0 8.571-2 15.714t-4.286 10.571l-2.286 2.857q-10.286 10.857-30.286 12.571h-65.714q-40.571 2.286-83.429-9.429t-75.143-30.286-58.857-37.714-40.286-32.857l-14.286-13.714q-5.714-5.714-15.714-17.143t-40.857-52-60.571-86.286-70-120.571-74.571-155.429q-3.429-9.143-3.429-15.429t1.714-9.143l2.286-3.429q8.571-10.857 32.571-10.857l156.571-1.143q6.857 1.143 13.143 3.714t9.143 4.857l2.857 1.714q9.143 6.286 13.714 18.286 11.429 28.571 26.286 59.143t23.429 46.571l9.143 16.571q16.571 34.286 32 59.429t27.714 39.143 23.714 22 19.429 8 15.429-2.857q1.143-0.571 2.857-2.857t6.857-12.571 7.714-26.857 5.429-46.286 0-71.429q-1.143-22.857-5.143-41.714t-8-26.286l-3.429-6.857q-14.286-19.429-48.571-24.571-7.429-1.143 2.857-13.714 9.714-10.857 21.714-17.143 30.286-14.857 136.571-13.714 46.857 0.571 77.143 7.429 11.429 2.857 19.143 7.714t11.714 13.714 6 18.286 2 26-0.571 31.429-1.429 40.286-0.857 47.143q0 6.286-0.571 24t-0.286 27.429 2 23.143 6.571 22.286 12.857 14q4.571 1.143 9.714 2.286t14.857-6.286 21.714-19.714 29.714-38.286 38.857-61.429q34.286-59.429 61.143-128.571 2.286-5.714 5.714-10t6.286-6l2.286-1.714 2.857-1.429t7.429-1.714 11.429-0.286l164.571-1.143q22.286-2.857 36.571 1.429t17.714 9.429z"
        ],
        "width": 1107.9998188018799,
        "attrs": [],
        "isMulticolor": false,
        "isMulticolor2": false,
        "tags": [
          "vkontakte",
          "vk"
        ],
        "defaultCode": 61833,
        "grid": 14
      },
      "attrs": [],
      "properties": {
        "name": "vk",
        "id": 355,
        "order": 3,
        "prevSize": 32,
        "code": 61833
      },
      "setIdx": 0,
      "setId": 2,
      "iconIdx": 355
    }
  ],
  "height": 1024,
  "metadata": {
    "name": "social-icons",
    "url": "https://github.com/black-lamp/yii2-socialshare"
  },
  "preferences": {
    "showGlyphs": true,
    "showQuickUse": true,
    "showQuickUse2": true,
    "showSVGs": true,
    "fontPref": {
      "prefix": "si-",
      "metadata": {
        "fontFamily": "social-icons",
        "majorVersion": 1,
        "minorVersion": 0,
        "fontURL": "https://github.com/black-lamp/yii2-socialshare",
        "description": "Social networks icons for SocialShare widget"
      },
      "metrics": {
        "emSize": 1024,
        "baseline": 6.25,
        "whitespace": 50
      },
      "embed": false,
      "noie8": true,
      "ie7": false,
      "showSelector": false,
      "selector": "i",
      "showMetrics": false,
      "showMetadata": false,
      "showVersion": false,
      "cssVars": false,
      "cssVarsFormat": "less",
      "autoHost": true
    },
    "imagePref": {
      "prefix": "icon-",
      "png": true,
      "useClassSelector": true,
      "color": 0,
      "bgColor": 16777215,
      "classSelector": ".icon"
    },
    "historySize": 100,
    "showCodes": true,
    "gridSize": 16,
    "showLiga": true,
    "showGrid": false,
    "quickUsageToken": {
      "UntitledProject": "MGQ4MjAzYzJhYWFlNTliZjNkYTk1OTUzZTM4NGJkNjQjMSMxNDc2OTU5MjAzIyMj"
    }
  }
}